{
  "train_loss": [
    0.2884977893070618,
    0.17490253903916778,
    0.10540896798979749,
    0.07722746486736552,
    0.03961937984340642
  ],
  "val_loss": [
    0.33990948160116213,
    0.3274343507225685,
    0.42308606427560846,
    0.5813912888832806,
    0.48322509290988586
  ],
  "val_acc": [
    0.8964539007092198,
    0.8921985815602836,
    0.8865248226950354,
    0.8808510638297873,
    0.8978723404255319
  ]
}